url,label
https://openai.dev/,0
http://secure-microsoft.tk/account,1
http://secure-google.cn/unlock,1
https://github.com/,0
http://224.124.252.235:5781/account,1
http://github.biz/reset/auth/account,1
https://github.io/,0
http://xn--mexnqwgqkr.xyz/unlock,1
http://netflix.xyz/auth/reset/reset,1
https://github.co/,0
https://google.net/,0
https://wikipedia.dev/,0
http://%a57b3d%a57b3d.buzz/update,1
https://openai.ai/,0
http://openai.kim/verify/unlock/verify,1
https://microsoft.com/,0
http://213.218.1.181:7022/unlock,1
http://xn--eczwzlallr.biz/account,1
https://google.net/,0
http://xn--jwdrqiarlr.cn/auth,1
http://microsoft.cn/update/auth/verify,1
http://112.50.61.72:6371/billing,1
https://amazon.net/,0
http://xn--werofafchh.top/secure,1
https://microsoft.net/,0
http://xn--vlbubictsr.xyz/secure,1
https://microsoft.co/,0
https://amazon.dev/,0
http://xn--ifudayvuvt.buzz/verify,1
https://openai.net/,0
http://openai.top/auth/verify/secure,1
http://%bb5dea%bb5dea.tk/secure,1
https://github.dev/,0
http://106.30.189.57:6429/update,1
https://github.co/,0
https://amazon.com/,0
http://4.156.16.23:8626/reset,1
http://89.28.96.125:6381/login,1
http://%6d9411%6d9411.cn/login,1
https://wikipedia.net/,0
http://microsoft.cn/auth/secure/verify,1
http://xn--bxohllmcnn.cn/reset,1
http://netflix.biz/reset/update/billing,1
http://xn--xlkwdtpeao.tk/auth,1
http://github.zip/account/verify/account,1
http://%f4ce4a%f4ce4a.top/auth,1
http://%05bb3c%05bb3c.top/reset,1
http://secure-amazon.top/unlock,1
http://%9c5c1f%9c5c1f.cn/account,1
http://secure-github.kim/auth,1
https://github.io/,0
http://118.250.163.203:9597/secure,1
https://microsoft.com/,0
http://google.buzz/reset/account/unlock,1
http://%33c0cb%33c0cb.top/verify,1
http://secure-microsoft.biz/account,1
http://%5f4d7a%5f4d7a.buzz/unlock,1
http://wikipedia.top/update/account/billing,1
https://netflix.dev/,0
http://secure-github.xyz/secure,1
http://github.biz/auth/account/auth,1
https://google.co/,0
http://netflix.xyz/secure/update/update,1
https://netflix.co/,0
http://secure-google.xyz/verify,1
http://xn--lkyersjena.tk/update,1
https://wikipedia.dev/,0
http://%72a005%72a005.xyz/unlock,1
http://%61e5fe%61e5fe.buzz/login,1
http://45.75.2.220:5261/update,1
http://secure-google.biz/secure,1
http://%329341%329341.kim/update,1
http://%1437e7%1437e7.tk/update,1
http://233.136.240.61:9100/account,1
http://secure-openai.zip/auth,1
http://193.32.80.206:2421/reset,1
http://secure-github.kim/verify,1
https://amazon.org/,0
http://microsoft.top/verify/reset/verify,1
http://secure-amazon.buzz/update,1
http://netflix.tk/login/login/reset,1
https://google.org/,0
https://github.com/,0
http://openai.xyz/reset/login/secure,1
http://xn--fkwegzqxit.cn/login,1
http://%d49bcf%d49bcf.zip/account,1
http://216.239.215.187:5477/billing,1
http://163.30.32.190:4287/verify,1
http://wikipedia.ru/secure/reset/login,1
http://%d2d1f6%d2d1f6.top/unlock,1
http://xn--drnmbdrzkf.cn/billing,1
https://microsoft.ai/,0
https://openai.ai/,0
http://github.biz/unlock/verify/billing,1
http://%6a2cbc%6a2cbc.buzz/reset,1
http://xn--lvplqyrfgy.tk/login,1
http://secure-amazon.ru/login,1
https://google.co/,0
https://amazon.dev/,0
http://%34e768%34e768.xyz/reset,1
http://xn--qipjfvfkth.kim/auth,1
http://secure-microsoft.zip/reset,1
http://67.72.109.15:117/account,1
http://xn--buhxjiquuv.top/unlock,1
http://2.100.57.66:1551/update,1
http://google.xyz/login/auth/auth,1
http://xn--tklvpghkdd.xyz/billing,1
http://%bbba61%bbba61.kim/unlock,1
https://wikipedia.co/,0
https://wikipedia.org/,0
http://secure-google.kim/update,1
https://wikipedia.dev/,0
http://108.235.236.179:6169/reset,1
http://secure-amazon.kim/secure,1
https://openai.dev/,0
http://microsoft.buzz/account/login/login,1
http://%c6ec3b%c6ec3b.xyz/account,1
http://secure-github.zip/login,1
https://netflix.io/,0
https://openai.org/,0
http://157.247.124.38:2026/login,1
http://%a87fed%a87fed.ru/billing,1
http://github.zip/unlock/account/secure,1
https://google.dev/,0
http://secure-amazon.buzz/account,1
http://36.149.78.21:5761/verify,1
http://xn--nbtxvbtutl.cn/update,1
http://%42c91d%42c91d.cn/update,1
https://openai.co/,0
http://%fa69cd%fa69cd.ru/reset,1
http://%3320c8%3320c8.ru/verify,1
http://%adc8cc%adc8cc.zip/auth,1
http://secure-wikipedia.tk/update,1
https://openai.co/,0
http://github.cn/verify/secure/login,1
https://openai.org/,0
http://secure-netflix.tk/secure,1
https://google.dev/,0
http://%13b94b%13b94b.top/reset,1
http://150.122.46.181:1145/unlock,1
http://21.36.169.133:3793/update,1
http://secure-wikipedia.cn/unlock,1
http://secure-wikipedia.xyz/billing,1
http://secure-google.biz/secure,1
https://microsoft.net/,0
http://125.245.101.176:6066/auth,1
http://amazon.tk/reset/auth/account,1
http://secure-wikipedia.cn/account,1
http://153.120.189.185:9238/auth,1
http://github.kim/billing/update/account,1
http://%a112dc%a112dc.tk/login,1
http://secure-openai.biz/auth,1
http://xn--wgbnqecqzx.ru/secure,1
http://openai.tk/secure/login/login,1
https://amazon.com/,0
http://%1f4f91%1f4f91.buzz/secure,1
https://google.io/,0
http://%5e2aed%5e2aed.top/verify,1
http://xn--bnrlynnamo.tk/update,1
http://secure-microsoft.cn/account,1
http://github.top/account/billing/login,1
http://secure-google.xyz/account,1
http://%fcfe2e%fcfe2e.ru/account,1
http://secure-google.zip/secure,1
http://xn--bbiscopgjq.cn/secure,1
http://164.136.111.132:5603/billing,1
http://23.216.225.24:4502/billing,1
http://148.37.169.139:5778/verify,1
https://github.io/,0
http://xn--rvyunxolpe.zip/update,1
http://openai.biz/billing/unlock/login,1
https://microsoft.dev/,0
http://secure-netflix.zip/account,1
http://%8d3db0%8d3db0.tk/billing,1
http://openai.zip/account/auth/secure,1
http://187.116.87.117:9560/reset,1
http://wikipedia.kim/verify/login/auth,1
http://wikipedia.top/account/verify/billing,1
http://amazon.buzz/billing/account/secure,1
http://google.kim/auth/reset/verify,1
https://openai.net/,0
https://openai.com/,0
https://openai.net/,0
http://netflix.cn/verify/account/unlock,1
http://google.ru/update/reset/auth,1
http://xn--xaeopmhtwb.buzz/secure,1
https://wikipedia.net/,0
http://secure-wikipedia.buzz/verify,1
https://netflix.co/,0
http://secure-github.xyz/account,1
http://secure-openai.zip/update,1
http://%6dbf6c%6dbf6c.buzz/auth,1
http://xn--aqsnxcbjzq.buzz/reset,1
https://openai.com/,0
https://openai.com/,0
http://xn--anldoldfhy.ru/verify,1
https://google.co/,0
https://wikipedia.net/,0
http://secure-github.ru/billing,1
https://microsoft.net/,0
http://%c7ab89%c7ab89.top/unlock,1
https://netflix.dev/,0
http://secure-google.biz/auth,1
https://google.dev/,0
http://google.ru/account/billing/secure,1
https://openai.io/,0
https://openai.co/,0
http://xn--edgxyzkwlo.cn/secure,1
http://%67e38e%67e38e.xyz/update,1
http://xn--tvbimuyvxh.kim/secure,1
https://openai.io/,0
https://google.io/,0
https://openai.dev/,0
http://google.kim/auth/update/verify,1
http://%631091%631091.top/verify,1
http://xn--dwinvxfxbq.buzz/verify,1
https://openai.com/,0
http://secure-github.zip/billing,1
https://netflix.dev/,0
http://%4dbe65%4dbe65.xyz/auth,1
http://secure-microsoft.biz/unlock,1
http://171.162.10.184:6007/auth,1
http://%9153bd%9153bd.ru/account,1
https://amazon.com/,0
http://github.ru/secure/secure/login,1
http://xn--aqleynuydr.cn/secure,1
http://%76b2a7%76b2a7.ru/reset,1
http://google.tk/auth/billing/account,1
https://amazon.io/,0
http://amazon.tk/reset/secure/reset,1
http://xn--vqnafuquag.cn/reset,1
http://google.kim/account/billing/auth,1
http://xn--fumocicuyi.biz/account,1
http://xn--wnsjtkxkkm.zip/auth,1
https://openai.org/,0
https://microsoft.com/,0
http://google.kim/account/auth/account,1
http://xn--lfnrkzgbsc.ru/login,1
https://github.net/,0
https://openai.org/,0
https://google.io/,0
http://146.208.22.216:7460/account,1
http://xn--ijwmgvdhju.zip/login,1
http://secure-amazon.ru/update,1
https://google.dev/,0
http://secure-google.buzz/unlock,1
http://198.26.226.30:5634/billing,1
https://wikipedia.com/,0
https://openai.dev/,0
https://microsoft.dev/,0
https://netflix.dev/,0
https://github.org/,0
http://amazon.ru/billing/verify/reset,1
http://%e4b97c%e4b97c.zip/update,1
https://amazon.com/,0
http://49.106.169.192:1464/auth,1
http://154.114.239.76:3841/login,1
http://97.120.144.170:1273/reset,1
http://secure-wikipedia.top/login,1
http://xn--kbqbvfvqqw.top/secure,1
https://netflix.com/,0
https://google.com/,0
https://wikipedia.org/,0
http://secure-amazon.biz/unlock,1
https://openai.io/,0
https://netflix.com/,0
http://secure-google.kim/billing,1
http://secure-netflix.biz/update,1
https://openai.co/,0
http://secure-github.zip/auth,1
http://secure-github.top/unlock,1
http://xn--jmbmocrhvv.xyz/login,1
http://%169463%169463.cn/auth,1
http://240.126.119.201:2554/login,1
https://wikipedia.ai/,0
https://amazon.ai/,0
http://openai.kim/update/update/account,1
https://amazon.com/,0
http://secure-netflix.cn/reset,1
http://185.110.245.11:8079/verify,1
http://%aacccf%aacccf.tk/verify,1
http://%393d15%393d15.tk/account,1
https://wikipedia.dev/,0
http://xn--xordtwialj.xyz/unlock,1
http://19.194.64.219:1935/auth,1
https://github.com/,0
http://secure-amazon.top/update,1
http://184.176.218.138:350/update,1
http://secure-github.xyz/auth,1
http://secure-netflix.tk/reset,1
http://%4fcfe8%4fcfe8.ru/secure,1
http://212.45.93.136:6995/account,1
http://secure-openai.biz/verify,1
http://google.zip/secure/verify/auth,1
http://%c46a29%c46a29.biz/update,1
http://netflix.top/account/reset/auth,1
https://netflix.dev/,0
https://netflix.ai/,0
http://%fd5f2c%fd5f2c.buzz/account,1
https://google.net/,0
http://%1fc0c5%1fc0c5.kim/auth,1
https://netflix.io/,0
https://openai.com/,0
https://openai.co/,0
http://xn--eytsnyivks.buzz/auth,1
http://secure-github.buzz/billing,1
http://xn--okvvxurrgi.top/auth,1
https://github.co/,0
http://%95bfbd%95bfbd.kim/billing,1
http://%744486%744486.biz/auth,1
http://secure-openai.biz/unlock,1
http://%90a3c2%90a3c2.xyz/login,1
http://secure-openai.kim/account,1
http://amazon.ru/secure/update/verify,1
http://secure-openai.ru/unlock,1
http://amazon.kim/update/verify/unlock,1
http://xn--ueazhikbsu.ru/unlock,1
http://%ff22b0%ff22b0.top/update,1
http://wikipedia.biz/login/billing/login,1
https://google.io/,0
http://microsoft.kim/update/billing/billing,1
http://secure-netflix.ru/billing,1
http://21.47.190.242:9389/billing,1
https://openai.io/,0
https://google.com/,0
http://secure-netflix.biz/auth,1
http://%cfe8d8%cfe8d8.ru/reset,1
http://xn--mnzgvaybbh.cn/secure,1
http://148.252.50.77:2553/auth,1
http://secure-netflix.cn/update,1
https://google.org/,0
http://%94571c%94571c.kim/secure,1
http://openai.zip/account/billing/login,1
http://%880a5f%880a5f.kim/account,1
http://secure-openai.zip/verify,1
https://google.co/,0
https://amazon.co/,0
http://secure-openai.kim/billing,1
http://172.69.113.28:9856/billing,1
https://openai.co/,0
http://%5a3a7b%5a3a7b.buzz/unlock,1
http://5.65.84.139:2044/login,1
http://xn--zybxuyvfcj.xyz/unlock,1
http://38.173.89.164:8186/unlock,1
http://xn--cnwblxixbx.cn/auth,1
http://137.77.69.196:6971/update,1
http://234.165.225.230:7513/secure,1
http://openai.cn/update/login/reset,1
http://xn--apdqblejxp.tk/secure,1
http://xn--ktwvpudijl.kim/auth,1
http://xn--plirhmngux.kim/unlock,1
http://secure-google.zip/verify,1
http://%b0a9d1%b0a9d1.top/login,1
http://microsoft.buzz/reset/update/auth,1
http://xn--glbkqkmmdi.cn/account,1
https://openai.ai/,0
http://secure-amazon.biz/unlock,1
http://%b860e2%b860e2.kim/reset,1
http://secure-amazon.kim/login,1
http://openai.tk/secure/auth/update,1
https://netflix.ai/,0
https://microsoft.io/,0
http://%5de53b%5de53b.top/reset,1
http://%482ca5%482ca5.xyz/reset,1
http://%9b7f7e%9b7f7e.zip/reset,1
https://wikipedia.io/,0
https://openai.net/,0
https://github.org/,0
http://%221449%221449.biz/account,1
http://secure-openai.zip/secure,1
http://secure-github.cn/login,1
http://xn--fbxzhmijrf.zip/unlock,1
http://secure-google.cn/verify,1
https://github.dev/,0
http://microsoft.biz/billing/auth/billing,1
https://openai.org/,0
http://secure-github.xyz/billing,1
http://xn--abgtsmumke.top/update,1
https://microsoft.ai/,0
http://%23efad%23efad.buzz/secure,1
http://119.101.39.216:6534/account,1
https://openai.ai/,0
http://199.143.146.90:9758/billing,1
https://microsoft.dev/,0
http://xn--ifmnrhpvzg.zip/login,1
http://%4dafdf%4dafdf.xyz/reset,1
http://xn--znnaiyjhon.top/auth,1
https://github.dev/,0
http://%befe71%befe71.xyz/unlock,1
http://secure-wikipedia.kim/secure,1
http://openai.tk/verify/account/login,1
http://netflix.tk/verify/update/verify,1
http://16.228.216.70:5075/auth,1
https://wikipedia.io/,0
http://wikipedia.biz/verify/verify/account,1
http://secure-github.buzz/unlock,1
https://github.co/,0
http://xn--lgcpsbtrwt.xyz/billing,1
http://xn--sgqfdmoaep.buzz/unlock,1
https://microsoft.net/,0
http://21.50.92.42:5002/login,1
http://wikipedia.ru/secure/verify/secure,1
http://secure-netflix.biz/auth,1
http://microsoft.biz/secure/account/auth,1
http://xn--tnwaowzxpg.xyz/account,1
http://secure-amazon.zip/login,1
http://183.87.1.7:3204/reset,1
http://amazon.zip/login/verify/unlock,1
http://openai.zip/reset/update/auth,1
http://180.117.6.18:4068/unlock,1
https://github.ai/,0
http://google.top/auth/unlock/secure,1
http://%441865%441865.cn/secure,1
http://183.226.90.140:1182/unlock,1
http://secure-netflix.top/login,1
http://227.73.200.177:754/login,1
http://169.101.72.136:5416/billing,1
http://secure-wikipedia.biz/account,1
https://openai.co/,0
http://xn--fklbibjghj.buzz/verify,1
http://secure-netflix.buzz/billing,1
http://xn--jzzaqcqnyh.buzz/reset,1
http://xn--uetsczleqq.biz/secure,1
http://openai.buzz/update/auth/unlock,1
http://%50037e%50037e.cn/account,1
http://xn--yozlamlkcu.kim/account,1
http://xn--ouoohknpzt.zip/verify,1
http://xn--etdgjmbqtp.zip/secure,1
https://amazon.io/,0
http://secure-openai.tk/unlock,1
https://microsoft.net/,0
http://%b855b9%b855b9.buzz/secure,1
http://238.16.210.160:6544/update,1
http://xn--tlhblysftw.xyz/reset,1
http://%f0a2d3%f0a2d3.cn/auth,1
https://openai.ai/,0
http://%e60cc6%e60cc6.buzz/login,1
https://microsoft.org/,0
https://openai.co/,0
http://secure-amazon.ru/secure,1
https://openai.com/,0
http://%d7b5e0%d7b5e0.ru/reset,1
https://wikipedia.org/,0
https://openai.com/,0
http://openai.ru/account/unlock/auth,1
http://secure-microsoft.tk/account,1
http://xn--daqrjucasi.cn/auth,1
http://netflix.ru/secure/secure/unlock,1
https://openai.co/,0
http://180.179.8.55:8653/unlock,1
http://netflix.tk/login/unlock/billing,1
https://microsoft.net/,0
https://google.io/,0
http://%f74884%f74884.zip/account,1
https://wikipedia.net/,0
https://openai.co/,0
http://secure-netflix.xyz/verify,1
http://%012b6b%012b6b.buzz/account,1
http://amazon.kim/secure/billing/secure,1
http://244.244.197.80:9401/update,1
http://secure-netflix.tk/login,1
https://amazon.net/,0
http://secure-netflix.zip/billing,1
http://%af7bab%af7bab.ru/reset,1
http://secure-openai.biz/billing,1
https://netflix.org/,0
http://17.123.143.14:3373/account,1
http://secure-amazon.ru/account,1
http://%aebbd0%aebbd0.zip/account,1
http://secure-openai.tk/login,1
http://amazon.kim/update/auth/login,1
http://%34f54e%34f54e.ru/auth,1
http://%df88d2%df88d2.biz/account,1
http://netflix.cn/reset/auth/reset,1
http://%9f649c%9f649c.kim/reset,1
https://wikipedia.dev/,0
https://netflix.dev/,0
http://%c23507%c23507.zip/account,1
https://microsoft.io/,0
http://secure-netflix.buzz/account,1
http://149.198.19.86:3986/verify,1
http://20.92.195.27:3970/login,1
http://secure-wikipedia.kim/reset,1
http://xn--spczqnkutr.zip/billing,1
https://wikipedia.net/,0
http://%209a16%209a16.zip/unlock,1
http://secure-google.tk/account,1
http://amazon.tk/billing/login/verify,1
https://github.net/,0
http://71.99.68.245:1707/billing,1
http://secure-netflix.ru/unlock,1
http://%a7985c%a7985c.zip/verify,1
https://amazon.org/,0
https://wikipedia.io/,0
http://69.55.152.53:4525/secure,1
http://xn--qqfosqeffn.kim/verify,1
http://xn--zyulclnwyj.buzz/update,1
https://google.com/,0
http://microsoft.cn/billing/reset/update,1
https://wikipedia.net/,0
http://xn--hpozmjcwsn.biz/auth,1
http://252.236.216.222:6259/secure,1
https://google.io/,0
http://%e7d16c%e7d16c.cn/reset,1
http://wikipedia.kim/billing/verify/unlock,1
http://secure-google.zip/reset,1
https://wikipedia.com/,0
https://netflix.ai/,0
http://%92dd44%92dd44.buzz/verify,1
http://%329d5e%329d5e.tk/unlock,1
http://105.170.66.90:9568/billing,1
https://wikipedia.ai/,0
https://google.dev/,0
http://xn--jjtszxvbzx.zip/update,1
http://%186377%186377.xyz/verify,1
https://wikipedia.co/,0
http://amazon.xyz/reset/update/reset,1
http://secure-github.tk/secure,1
http://54.35.203.79:3826/billing,1
http://wikipedia.biz/verify/account/reset,1
http://secure-wikipedia.ru/verify,1
https://amazon.dev/,0
http://secure-microsoft.zip/unlock,1
http://21.39.34.186:4252/secure,1
http://xn--gffpuaaocn.ru/verify,1
https://microsoft.com/,0
http://xn--jdwablwpxh.tk/account,1
https://google.io/,0
https://github.io/,0
http://%a3f435%a3f435.xyz/unlock,1
http://xn--qownjhyenu.zip/unlock,1
https://wikipedia.co/,0
http://netflix.top/secure/reset/account,1
https://github.com/,0
http://microsoft.cn/account/verify/account,1
https://netflix.io/,0
http://secure-google.top/verify,1
https://wikipedia.com/,0
http://163.142.230.24:2745/login,1
https://microsoft.io/,0
http://secure-google.kim/unlock,1
http://netflix.cn/update/auth/unlock,1
https://netflix.io/,0
https://openai.org/,0
https://openai.org/,0
https://amazon.ai/,0
https://openai.co/,0
https://netflix.co/,0
http://secure-github.tk/billing,1
https://google.dev/,0
http://google.biz/secure/login/login,1
https://wikipedia.co/,0
http://124.74.142.37:1717/reset,1
https://google.com/,0
https://amazon.co/,0
http://%156350%156350.kim/verify,1
http://229.169.213.203:9441/verify,1
http://xn--pprlnplpmq.cn/update,1
http://amazon.biz/auth/update/unlock,1
http://58.54.76.1:2472/account,1
http://secure-github.zip/reset,1
https://openai.io/,0
http://%47827c%47827c.buzz/login,1
http://wikipedia.buzz/secure/account/account,1
http://github.tk/reset/secure/unlock,1
https://google.co/,0
http://16.8.80.244:4182/login,1
http://%5b23a1%5b23a1.top/update,1
http://secure-microsoft.tk/reset,1
http://secure-netflix.tk/login,1
http://secure-github.buzz/update,1
http://secure-openai.xyz/unlock,1
http://xn--cxmloqlryx.cn/verify,1
http://wikipedia.ru/reset/unlock/login,1
https://netflix.io/,0
https://github.ai/,0
http://xn--ntnalnvaak.xyz/billing,1
http://github.tk/verify/update/unlock,1
http://%12c141%12c141.zip/account,1
http://230.131.70.232:7888/billing,1
https://github.dev/,0
https://google.ai/,0
http://secure-netflix.tk/update,1
http://%2e1563%2e1563.buzz/verify,1
http://xn--kdmzcgqfep.zip/login,1
http://secure-wikipedia.cn/account,1
http://secure-openai.biz/update,1
http://secure-wikipedia.buzz/billing,1
http://71.217.76.216:5977/verify,1
http://xn--bcvrfkmavx.cn/verify,1
http://%567c5d%567c5d.buzz/account,1
http://xn--pvapvaawln.biz/account,1
https://netflix.com/,0
http://xn--vfphdjwikc.xyz/account,1
http://xn--vfbrolvsxt.cn/verify,1
http://secure-openai.top/secure,1
http://223.126.31.147:2378/billing,1
http://%248add%248add.ru/login,1
http://xn--ntuxxenhhz.ru/update,1
http://%e47945%e47945.zip/login,1
http://secure-openai.xyz/billing,1
http://xn--cbwmqhgsbt.kim/auth,1
http://249.27.24.222:9194/update,1
http://secure-github.buzz/auth,1
http://secure-github.top/reset,1
https://amazon.io/,0
https://amazon.dev/,0
http://xn--qfwoeecqac.cn/verify,1
http://secure-amazon.buzz/login,1
http://xn--pmvndumgof.zip/verify,1
http://openai.zip/auth/update/update,1
http://42.44.206.4:3839/verify,1
http://148.232.212.65:7487/verify,1
http://secure-amazon.biz/billing,1
http://176.219.240.172:6913/reset,1
https://github.co/,0
http://199.249.10.8:8817/auth,1
https://google.net/,0
http://xn--adgqgtfmhf.zip/reset,1
http://microsoft.biz/login/update/update,1
https://microsoft.com/,0
https://github.io/,0
https://wikipedia.com/,0
https://microsoft.ai/,0
https://github.org/,0
http://secure-github.tk/reset,1
https://google.io/,0
https://netflix.co/,0
http://54.46.209.207:7105/reset,1
http://xn--shqefshlox.biz/billing,1
http://secure-openai.kim/auth,1
https://microsoft.io/,0
http://150.93.199.12:6649/billing,1
http://xn--jsyoqtqziq.cn/verify,1
http://xn--skosedygng.cn/auth,1
http://secure-openai.xyz/secure,1
http://217.34.11.218:7361/auth,1
http://openai.biz/unlock/billing/billing,1
http://%b44da2%b44da2.xyz/unlock,1
https://microsoft.ai/,0
https://microsoft.ai/,0
https://google.dev/,0
https://netflix.io/,0
http://secure-microsoft.ru/billing,1
http://175.177.5.60:1083/login,1
https://google.ai/,0
https://wikipedia.org/,0
https://microsoft.org/,0
http://xn--gofuaatsze.buzz/verify,1
http://55.114.122.2:2740/update,1
https://wikipedia.io/,0
https://openai.ai/,0
http://%cb2e0a%cb2e0a.biz/secure,1
https://openai.ai/,0
http://%1ee253%1ee253.ru/login,1
http://wikipedia.tk/auth/verify/update,1
http://%4ae260%4ae260.kim/login,1
http://178.164.184.151:3782/verify,1
http://%f45539%f45539.ru/update,1
https://wikipedia.net/,0
http://secure-github.top/billing,1
http://netflix.zip/auth/update/account,1
http://openai.tk/update/login/unlock,1
https://amazon.org/,0
http://%885f54%885f54.zip/auth,1
http://%732cd9%732cd9.xyz/account,1
http://237.178.176.141:5335/unlock,1
http://xn--kaoqlohdcc.kim/account,1
http://microsoft.top/secure/update/account,1
http://xn--gqykvfqbcq.cn/unlock,1
https://amazon.org/,0
http://xn--yenayeoaov.zip/account,1
http://1.94.151.208:8250/billing,1
http://%8c2959%8c2959.top/auth,1
https://microsoft.org/,0
http://xn--gwucfebids.kim/billing,1
http://%11a105%11a105.top/update,1
https://github.co/,0
https://microsoft.ai/,0
http://secure-openai.kim/unlock,1
https://github.net/,0
https://amazon.ai/,0
http://46.164.160.237:3371/reset,1
http://secure-github.cn/login,1
http://secure-wikipedia.top/auth,1
http://%f20888%f20888.buzz/reset,1
https://wikipedia.com/,0
http://secure-wikipedia.kim/verify,1
https://openai.com/,0
http://secure-openai.top/account,1
https://google.net/,0
http://xn--hetkjwnkco.cn/update,1
https://google.dev/,0
http://xn--kfkorwzrjf.xyz/account,1
http://amazon.cn/secure/auth/reset,1
http://xn--insznxqvns.cn/billing,1
https://amazon.ai/,0
https://microsoft.co/,0
https://google.co/,0
http://%4b25fe%4b25fe.xyz/secure,1
http://wikipedia.kim/billing/auth/account,1
http://wikipedia.zip/update/account/login,1
http://145.147.215.17:5206/account,1
http://xn--tlssehqbag.cn/account,1
http://netflix.biz/unlock/billing/auth,1
http://secure-amazon.biz/unlock,1
http://%31e0a9%31e0a9.xyz/secure,1
https://github.ai/,0
http://secure-google.top/account,1
http://8.142.69.190:5341/update,1
http://xn--wwpitppmhz.xyz/billing,1
https://microsoft.com/,0
http://%dc47b8%dc47b8.biz/login,1
https://amazon.org/,0
http://187.25.217.85:4675/billing,1
http://%45569a%45569a.kim/account,1
http://github.ru/unlock/login/reset,1
https://wikipedia.net/,0
http://44.59.148.46:7667/login,1
http://%874ccc%874ccc.ru/account,1
http://xn--etbfclwrsn.buzz/secure,1
http://xn--ocwzgzfeug.top/login,1
http://xn--bbxpgagixs.buzz/secure,1
http://secure-amazon.top/account,1
http://197.232.83.38:6239/update,1
https://netflix.co/,0
http://secure-wikipedia.zip/billing,1
https://microsoft.ai/,0
http://netflix.zip/update/verify/verify,1
http://xn--motnmmszjw.top/account,1
http://25.24.109.203:3340/login,1
https://amazon.co/,0
http://xn--wplihcuzdj.kim/verify,1
http://6.100.199.231:1706/secure,1
http://secure-netflix.cn/reset,1
http://secure-amazon.zip/unlock,1
http://%fbabd0%fbabd0.top/auth,1
http://40.18.33.238:8279/unlock,1
http://secure-google.zip/login,1
http://xn--pznbtxhfmr.kim/secure,1
https://amazon.ai/,0
http://48.232.6.146:1708/unlock,1
https://wikipedia.com/,0
http://12.107.171.15:9449/account,1
http://%33532a%33532a.kim/auth,1
http://google.zip/login/auth/reset,1
http://%397d4a%397d4a.cn/update,1
http://secure-google.ru/reset,1
https://google.org/,0
http://139.238.103.159:8663/billing,1
https://google.co/,0
https://microsoft.co/,0
https://google.dev/,0
http://openai.zip/reset/billing/billing,1
http://secure-netflix.cn/secure,1
http://amazon.biz/verify/unlock/billing,1
https://netflix.dev/,0
http://secure-microsoft.biz/verify,1
https://google.com/,0
http://%4515df%4515df.zip/reset,1
http://secure-google.zip/unlock,1
https://wikipedia.dev/,0
https://microsoft.net/,0
http://secure-wikipedia.tk/auth,1
https://amazon.dev/,0
https://google.co/,0
http://xn--fbqtzbdkiy.kim/secure,1
http://xn--jafcjntbfa.buzz/auth,1
http://netflix.tk/reset/account/reset,1
http://%f9a0bc%f9a0bc.kim/account,1
https://google.ai/,0
http://94.101.11.235:5130/verify,1
http://secure-github.xyz/reset,1
http://secure-openai.cn/unlock,1
https://openai.com/,0
http://xn--aiqizbeycx.top/unlock,1
http://%e528f3%e528f3.xyz/billing,1
http://secure-netflix.zip/update,1
http://xn--wrqjlrmmpz.buzz/billing,1
http://xn--bzheeruurv.xyz/update,1
http://141.149.126.6:6156/account,1
http://wikipedia.tk/auth/auth/reset,1
https://netflix.io/,0
https://github.ai/,0
https://microsoft.io/,0
https://github.net/,0
http://secure-openai.tk/update,1
https://wikipedia.io/,0
https://openai.co/,0
http://openai.kim/verify/billing/reset,1
http://208.215.78.137:3366/verify,1
https://google.co/,0
http://microsoft.buzz/verify/unlock/secure,1
http://174.37.13.215:4562/account,1
http://%e9590a%e9590a.kim/login,1
https://github.ai/,0
https://netflix.net/,0
http://%1eca78%1eca78.top/unlock,1
http://xn--xpdhaglbix.ru/update,1
http://42.227.216.159:6937/billing,1
http://%2eab94%2eab94.top/login,1
http://amazon.ru/login/login/unlock,1
http://157.10.171.122:9969/reset,1
http://%22d66e%22d66e.top/auth,1
http://3.18.130.180:3622/login,1
http://192.77.0.242:5702/update,1
http://7.89.188.85:9259/account,1
http://242.218.73.236:7948/secure,1
https://openai.io/,0
http://secure-google.top/billing,1
http://%85f38d%85f38d.biz/verify,1
http://%30e072%30e072.ru/account,1
http://164.26.23.11:3620/update,1
https://openai.dev/,0
http://%b53ab4%b53ab4.zip/account,1
https://microsoft.dev/,0
http://40.107.73.193:2360/unlock,1
http://microsoft.ru/verify/auth/verify,1
http://23.90.92.190:1827/account,1
http://30.186.22.16:3188/update,1
http://%bf3cd2%bf3cd2.top/billing,1
https://microsoft.com/,0
https://wikipedia.co/,0
http://149.120.49.69:5428/account,1
http://208.65.187.90:5758/auth,1
http://openai.kim/reset/login/billing,1
https://amazon.ai/,0
http://26.140.54.217:1301/verify,1
http://%02c7dc%02c7dc.buzz/reset,1
http://microsoft.top/auth/update/account,1
http://96.146.191.241:8430/unlock,1
https://wikipedia.ai/,0
http://secure-google.tk/login,1
http://secure-openai.ru/login,1
https://amazon.com/,0
http://12.186.246.122:2295/billing,1
https://openai.dev/,0
http://wikipedia.top/verify/login/secure,1
https://google.net/,0
http://159.36.108.220:7555/verify,1
http://xn--polgifthov.buzz/secure,1
http://xn--lhutpmnigt.buzz/reset,1
http://wikipedia.kim/account/account/secure,1
http://xn--podyfmajug.kim/secure,1
https://wikipedia.org/,0
http://xn--jdigkccmmb.top/login,1
https://wikipedia.dev/,0
http://secure-google.top/reset,1
http://google.zip/auth/unlock/auth,1
https://amazon.ai/,0
http://93.170.234.144:4903/update,1
http://68.21.201.228:6159/account,1
http://xn--fmdcbxrafh.kim/reset,1
http://google.cn/login/update/login,1
http://%afb0bd%afb0bd.xyz/account,1
http://google.kim/update/verify/update,1
http://%7cd51c%7cd51c.kim/secure,1
http://%05da3d%05da3d.top/reset,1
http://%de4021%de4021.top/verify,1
http://xn--ubqqusehwr.biz/login,1
https://openai.org/,0
http://secure-netflix.tk/update,1
http://136.10.217.49:8681/auth,1
http://84.204.250.11:3930/account,1
http://xn--qeilrcgafl.xyz/update,1
http://52.230.109.98:4473/login,1
https://netflix.com/,0
http://79.120.19.109:8047/auth,1
http://xn--atnxlbxezx.top/reset,1
https://netflix.org/,0
http://secure-amazon.zip/billing,1
http://192.129.20.222:8428/secure,1
http://secure-google.cn/verify,1
http://xn--ejgltubvtk.ru/account,1
http://amazon.cn/update/unlock/update,1
http://%665c18%665c18.top/account,1
http://xn--iifuczfsem.biz/account,1
https://google.net/,0
http://xn--vapqonpjaf.top/update,1
https://github.dev/,0
https://wikipedia.dev/,0
http://xn--eqxitbyonv.buzz/reset,1
https://openai.net/,0
https://openai.io/,0
http://96.119.26.136:5542/unlock,1
http://microsoft.buzz/verify/unlock/reset,1
http://xn--lodhphsftw.zip/account,1
https://wikipedia.io/,0
http://secure-amazon.top/update,1
http://xn--umfadwkfny.kim/auth,1
https://github.net/,0
https://amazon.dev/,0
http://xn--wecbbugyzv.ru/reset,1
http://%c98a17%c98a17.xyz/unlock,1
https://github.dev/,0
http://secure-netflix.tk/secure,1
http://secure-amazon.buzz/update,1
https://wikipedia.dev/,0
http://8.6.65.174:8774/login,1
http://xn--zebbiuttil.biz/billing,1
https://wikipedia.net/,0
https://github.dev/,0
http://218.190.132.180:2694/auth,1
http://%0cfedb%0cfedb.xyz/reset,1
https://google.co/,0
http://xn--nvgaxfkfwr.top/account,1
http://%b23676%b23676.ru/reset,1
https://openai.io/,0
https://amazon.org/,0
https://microsoft.io/,0
http://secure-github.cn/update,1
http://92.166.7.217:8487/account,1
http://128.169.179.146:7519/account,1
https://github.com/,0
http://%65e515%65e515.xyz/billing,1
http://wikipedia.top/account/auth/auth,1
http://116.38.125.26:9059/login,1
https://microsoft.dev/,0
https://amazon.org/,0
http://amazon.buzz/login/verify/reset,1
http://%56164a%56164a.ru/login,1
https://github.org/,0
https://openai.io/,0
http://secure-openai.kim/reset,1
https://netflix.org/,0
http://xn--hkvyevcyvy.cn/unlock,1
http://xn--dcgmnolwux.buzz/account,1
http://%355216%355216.xyz/reset,1
http://github.top/reset/update/account,1
http://netflix.cn/account/unlock/login,1
http://xn--jovabtgqya.cn/account,1
http://204.39.84.96:6423/auth,1
http://%bd41b1%bd41b1.kim/update,1
https://github.co/,0
https://amazon.dev/,0
http://wikipedia.cn/account/auth/reset,1
http://secure-github.xyz/auth,1
http://189.202.228.70:2594/login,1
https://openai.net/,0
https://wikipedia.org/,0
http://wikipedia.cn/unlock/unlock/account,1
https://openai.org/,0
http://%4422a6%4422a6.xyz/verify,1
https://google.com/,0
https://microsoft.co/,0
http://%354858%354858.cn/account,1
http://%a8db71%a8db71.ru/verify,1
http://secure-wikipedia.tk/billing,1
http://xn--eqwfivnvhg.top/update,1
http://xn--cleajhdmit.ru/auth,1
http://187.192.82.52:5004/login,1
http://xn--gvggdngzjz.tk/login,1
http://netflix.cn/unlock/billing/verify,1
http://%d5684f%d5684f.biz/verify,1
https://openai.ai/,0
http://%6da0dd%6da0dd.kim/login,1
http://openai.zip/unlock/account/secure,1
http://xn--oypajlfqxx.tk/update,1
http://%145c52%145c52.xyz/account,1
https://amazon.io/,0
http://%ab3cee%ab3cee.buzz/unlock,1
http://%b07fd0%b07fd0.tk/login,1
http://wikipedia.kim/billing/auth/account,1
http://netflix.cn/login/login/auth,1
http://213.92.128.226:4232/update,1
http://xn--ibykjikjth.zip/billing,1
https://wikipedia.dev/,0
http://xn--yuzxojilys.top/auth,1
http://%21297b%21297b.biz/billing,1
https://openai.org/,0
http://%51aba1%51aba1.xyz/verify,1
https://wikipedia.ai/,0
https://wikipedia.com/,0
http://secure-google.cn/auth,1
http://37.135.89.237:7687/login,1
http://xn--zzkfkmodxg.buzz/billing,1
https://netflix.net/,0
https://wikipedia.com/,0
http://%9c0ee0%9c0ee0.kim/verify,1
http://xn--mhhzbqddsw.zip/login,1
http://xn--ryyrcdzkpl.tk/billing,1
http://%4ce97f%4ce97f.tk/secure,1
http://secure-github.biz/unlock,1
http://secure-github.cn/secure,1
http://72.161.125.245:524/auth,1
https://wikipedia.io/,0
http://microsoft.cn/reset/secure/unlock,1
https://github.org/,0
https://microsoft.co/,0
https://google.com/,0
http://xn--skelkqbhmp.kim/unlock,1
https://amazon.dev/,0
http://xn--bohawymfbl.zip/billing,1
http://217.72.128.101:7793/auth,1
http://xn--wioluuoxpf.tk/reset,1
http://172.252.123.96:6613/verify,1
http://88.113.10.32:5960/secure,1
http://%998f65%998f65.tk/billing,1
http://217.145.89.57:6112/login,1
https://netflix.com/,0


